{
  "eval_loss": 0.12976278364658356,
  "eval_precision": 0.8707055781307721,
  "eval_recall": 0.8794776119402985,
  "eval_f1": 0.8750696120289585,
  "eval_accuracy": 0.9643944407677035,
  "eval_runtime": 0.9842,
  "eval_samples_per_second": 430.795,
  "eval_steps_per_second": 53.849,
  "epoch": 3.0
}